1,Pet 0 - name,2026-05-18,23,1
2,Pet 1 - name,2026-05-18,43,1
3,Pet 2 - name,2026-05-18,84,1
4,Pet 3 - name,2026-05-18,59,1
5,Pet 4 - name,2026-05-18,4,1
6,Pet 5 - name,2026-05-18,34,1
7,Pet 6 - name,2026-05-18,21,1
8,Pet 7 - name,2026-05-18,69,1
9,Pet 8 - name,2026-05-18,84,1
10,Pet 9 - name,2026-05-18,40,1
11,Pet 10 - name,2026-05-18,79,1
12,Pet 11 - name,2026-05-18,7,1
13,Pet 12 - name,2026-05-18,24,1
14,Pet 13 - name,2026-05-18,70,1
15,Pet 14 - name,2026-05-18,13,1
16,Pet 15 - name,2026-05-18,30,1
17,Pet 16 - name,2026-05-18,84,1
18,Pet 17 - name,2026-05-18,13,1
19,Pet 18 - name,2026-05-18,52,1
20,Pet 19 - name,2026-05-18,42,1
21,Pet 20 - name,2026-05-18,35,1
22,Pet 21 - name,2026-05-18,49,1
23,Pet 22 - name,2026-05-18,87,1
24,Pet 23 - name,2026-05-18,55,1
25,Pet 24 - name,2026-05-18,12,1
26,Pet 25 - name,2026-05-18,84,1
27,Pet 26 - name,2026-05-18,4,1
28,Pet 27 - name,2026-05-18,3,1
29,Pet 28 - name,2026-05-18,28,1
30,Pet 29 - name,2026-05-18,31,1
31,Pet 30 - name,2026-05-18,46,1
32,Pet 31 - name,2026-05-18,95,1
33,Pet 32 - name,2026-05-18,8,1
34,Pet 33 - name,2026-05-18,27,1
35,Pet 34 - name,2026-05-18,40,1
36,Pet 35 - name,2026-05-18,39,1
37,Pet 36 - name,2026-05-18,93,1
38,Pet 37 - name,2026-05-18,2,1
39,Pet 38 - name,2026-05-18,71,1
40,Pet 39 - name,2026-05-18,70,1
41,Pet 40 - name,2026-05-18,70,1
42,Pet 41 - name,2026-05-18,72,1
43,Pet 42 - name,2026-05-18,30,1
44,Pet 43 - name,2026-05-18,72,1
45,Pet 44 - name,2026-05-18,40,1
46,Pet 45 - name,2026-05-18,50,1
47,Pet 46 - name,2026-05-18,20,1
48,Pet 47 - name,2026-05-18,7,1
49,Pet 48 - name,2026-05-18,30,1
50,Pet 49 - name,2026-05-18,4,1
51,Pet 50 - name,2026-05-18,5,1
52,Pet 51 - name,2026-05-18,85,1
53,Pet 52 - name,2026-05-18,50,1
54,Pet 53 - name,2026-05-18,33,1
55,Pet 54 - name,2026-05-18,13,1
56,Pet 55 - name,2026-05-18,69,1
57,Pet 56 - name,2026-05-18,55,1
58,Pet 57 - name,2026-05-18,61,1
59,Pet 58 - name,2026-05-18,98,1
60,Pet 59 - name,2026-05-18,94,1
61,Pet 60 - name,2026-05-18,61,1
62,Pet 61 - name,2026-05-18,55,1
63,Pet 62 - name,2026-05-18,1,1
64,Pet 63 - name,2026-05-18,19,1
65,Pet 64 - name,2026-05-18,99,1
66,Pet 65 - name,2026-05-18,93,1
67,Pet 66 - name,2026-05-18,8,1
68,Pet 67 - name,2026-05-18,34,1
69,Pet 68 - name,2026-05-18,50,1
70,Pet 69 - name,2026-05-18,61,1
71,Pet 70 - name,2026-05-18,63,1
72,Pet 71 - name,2026-05-18,87,1
73,Pet 72 - name,2026-05-18,55,1
74,Pet 73 - name,2026-05-18,59,1
75,Pet 74 - name,2026-05-18,42,1
76,Pet 75 - name,2026-05-18,66,1
77,Pet 76 - name,2026-05-18,47,1
78,Pet 77 - name,2026-05-18,91,1
79,Pet 78 - name,2026-05-18,70,1
80,Pet 79 - name,2026-05-18,26,1
81,Pet 80 - name,2026-05-18,16,1
82,Pet 81 - name,2026-05-18,39,1
83,Pet 82 - name,2026-05-18,11,1
84,Pet 83 - name,2026-05-18,39,1
85,Pet 84 - name,2026-05-18,67,1
86,Pet 85 - name,2026-05-18,50,1
87,Pet 86 - name,2026-05-18,5,1
88,Pet 87 - name,2026-05-18,30,1
89,Pet 88 - name,2026-05-18,15,1
90,Pet 89 - name,2026-05-18,1,1
91,Pet 90 - name,2026-05-18,72,1
92,Pet 91 - name,2026-05-18,8,1
93,Pet 92 - name,2026-05-18,69,1
94,Pet 93 - name,2026-05-18,24,1
95,Pet 94 - name,2026-05-18,79,1
96,Pet 95 - name,2026-05-18,84,1
97,Pet 96 - name,2026-05-18,23,1
98,Pet 97 - name,2026-05-18,35,1
99,Pet 98 - name,2026-05-18,84,1
100,Pet 99 - name,2026-05-18,99,1
101,Pet 0 - name,2026-05-18,15,2
102,Pet 1 - name,2026-05-18,59,2
103,Pet 2 - name,2026-05-18,44,2
104,Pet 3 - name,2026-05-18,15,2
105,Pet 4 - name,2026-05-18,19,2
106,Pet 5 - name,2026-05-18,80,2
107,Pet 6 - name,2026-05-18,35,2
108,Pet 7 - name,2026-05-18,41,2
109,Pet 8 - name,2026-05-18,26,2
110,Pet 9 - name,2026-05-18,28,2
111,Pet 10 - name,2026-05-18,33,2
112,Pet 11 - name,2026-05-18,47,2
113,Pet 12 - name,2026-05-18,76,2
114,Pet 13 - name,2026-05-18,100,2
115,Pet 14 - name,2026-05-18,50,2
116,Pet 15 - name,2026-05-18,45,2
117,Pet 16 - name,2026-05-18,95,2
118,Pet 17 - name,2026-05-18,66,2
119,Pet 18 - name,2026-05-18,83,2
120,Pet 19 - name,2026-05-18,73,2
121,Pet 20 - name,2026-05-18,26,2
122,Pet 21 - name,2026-05-18,9,2
123,Pet 22 - name,2026-05-18,92,2
124,Pet 23 - name,2026-05-18,40,2
125,Pet 24 - name,2026-05-18,23,2
126,Pet 25 - name,2026-05-18,20,2
127,Pet 26 - name,2026-05-18,82,2
128,Pet 27 - name,2026-05-18,76,2
129,Pet 28 - name,2026-05-18,63,2
130,Pet 29 - name,2026-05-18,48,2
131,Pet 30 - name,2026-05-18,72,2
132,Pet 31 - name,2026-05-18,13,2
133,Pet 32 - name,2026-05-18,10,2
134,Pet 33 - name,2026-05-18,67,2
135,Pet 34 - name,2026-05-18,19,2
136,Pet 35 - name,2026-05-18,44,2
137,Pet 36 - name,2026-05-18,23,2
138,Pet 37 - name,2026-05-18,8,2
139,Pet 38 - name,2026-05-18,69,2
140,Pet 39 - name,2026-05-18,26,2
141,Pet 40 - name,2026-05-18,75,2
142,Pet 41 - name,2026-05-18,99,2
143,Pet 42 - name,2026-05-18,63,2
144,Pet 43 - name,2026-05-18,67,2
145,Pet 44 - name,2026-05-18,73,2
146,Pet 45 - name,2026-05-18,12,2
147,Pet 46 - name,2026-05-18,96,2
148,Pet 47 - name,2026-05-18,41,2
149,Pet 48 - name,2026-05-18,18,2
150,Pet 49 - name,2026-05-18,43,2
151,Pet 50 - name,2026-05-18,83,2
152,Pet 51 - name,2026-05-18,60,2
153,Pet 52 - name,2026-05-18,45,2
154,Pet 53 - name,2026-05-18,98,2
155,Pet 54 - name,2026-05-18,80,2
156,Pet 55 - name,2026-05-18,61,2
157,Pet 56 - name,2026-05-18,18,2
158,Pet 57 - name,2026-05-18,14,2
159,Pet 58 - name,2026-05-18,43,2
160,Pet 59 - name,2026-05-18,26,2
161,Pet 60 - name,2026-05-18,75,2
162,Pet 61 - name,2026-05-18,74,2
163,Pet 62 - name,2026-05-18,60,2
164,Pet 63 - name,2026-05-18,19,2
165,Pet 64 - name,2026-05-18,45,2
166,Pet 65 - name,2026-05-18,55,2
167,Pet 66 - name,2026-05-18,42,2
168,Pet 67 - name,2026-05-18,20,2
169,Pet 68 - name,2026-05-18,56,2
170,Pet 69 - name,2026-05-18,28,2
171,Pet 70 - name,2026-05-18,12,2
172,Pet 71 - name,2026-05-18,44,2
173,Pet 72 - name,2026-05-18,80,2
174,Pet 73 - name,2026-05-18,78,2
175,Pet 74 - name,2026-05-18,8,2
176,Pet 75 - name,2026-05-18,34,2
177,Pet 76 - name,2026-05-18,91,2
178,Pet 77 - name,2026-05-18,58,2
179,Pet 78 - name,2026-05-18,86,2
180,Pet 79 - name,2026-05-18,24,2
181,Pet 80 - name,2026-05-18,53,2
182,Pet 81 - name,2026-05-18,22,2
183,Pet 82 - name,2026-05-18,21,2
184,Pet 83 - name,2026-05-18,40,2
185,Pet 84 - name,2026-05-18,6,2
186,Pet 85 - name,2026-05-18,18,2
187,Pet 86 - name,2026-05-18,7,2
188,Pet 87 - name,2026-05-18,13,2
189,Pet 88 - name,2026-05-18,50,2
190,Pet 89 - name,2026-05-18,94,2
191,Pet 90 - name,2026-05-18,52,2
192,Pet 91 - name,2026-05-18,4,2
193,Pet 92 - name,2026-05-18,52,2
194,Pet 93 - name,2026-05-18,64,2
195,Pet 94 - name,2026-05-18,35,2
196,Pet 95 - name,2026-05-18,28,2
197,Pet 96 - name,2026-05-18,10,2
198,Pet 97 - name,2026-05-18,27,2
199,Pet 98 - name,2026-05-18,59,2
200,Pet 99 - name,2026-05-18,2,2
201,Pet 0 - name,2026-05-18,52,3
202,Pet 1 - name,2026-05-18,89,3
203,Pet 2 - name,2026-05-18,2,3
204,Pet 3 - name,2026-05-18,88,3
205,Pet 4 - name,2026-05-18,48,3
206,Pet 5 - name,2026-05-18,97,3
207,Pet 6 - name,2026-05-18,11,3
208,Pet 7 - name,2026-05-18,56,3
209,Pet 8 - name,2026-05-18,55,3
210,Pet 9 - name,2026-05-18,99,3
211,Pet 10 - name,2026-05-18,4,3
212,Pet 11 - name,2026-05-18,67,3
213,Pet 12 - name,2026-05-18,2,3
214,Pet 13 - name,2026-05-18,68,3
215,Pet 14 - name,2026-05-18,52,3
216,Pet 15 - name,2026-05-18,76,3
217,Pet 16 - name,2026-05-18,10,3
218,Pet 17 - name,2026-05-18,40,3
219,Pet 18 - name,2026-05-18,35,3
220,Pet 19 - name,2026-05-18,42,3
221,Pet 20 - name,2026-05-18,4,3
222,Pet 21 - name,2026-05-18,67,3
223,Pet 22 - name,2026-05-18,36,3
224,Pet 23 - name,2026-05-18,71,3
225,Pet 24 - name,2026-05-18,22,3
226,Pet 25 - name,2026-05-18,68,3
227,Pet 26 - name,2026-05-18,68,3
228,Pet 27 - name,2026-05-18,23,3
229,Pet 28 - name,2026-05-18,64,3
230,Pet 29 - name,2026-05-18,94,3
231,Pet 30 - name,2026-05-18,92,3
232,Pet 31 - name,2026-05-18,75,3
233,Pet 32 - name,2026-05-18,59,3
234,Pet 33 - name,2026-05-18,63,3
235,Pet 34 - name,2026-05-18,50,3
236,Pet 35 - name,2026-05-18,83,3
237,Pet 36 - name,2026-05-18,43,3
238,Pet 37 - name,2026-05-18,25,3
239,Pet 38 - name,2026-05-18,51,3
240,Pet 39 - name,2026-05-18,69,3
241,Pet 40 - name,2026-05-18,4,3
242,Pet 41 - name,2026-05-18,62,3
243,Pet 42 - name,2026-05-18,86,3
244,Pet 43 - name,2026-05-18,23,3
245,Pet 44 - name,2026-05-18,73,3
246,Pet 45 - name,2026-05-18,4,3
247,Pet 46 - name,2026-05-18,75,3
248,Pet 47 - name,2026-05-18,36,3
249,Pet 48 - name,2026-05-18,45,3
250,Pet 49 - name,2026-05-18,6,3
251,Pet 50 - name,2026-05-18,29,3
252,Pet 51 - name,2026-05-18,80,3
253,Pet 52 - name,2026-05-18,68,3
254,Pet 53 - name,2026-05-18,31,3
255,Pet 54 - name,2026-05-18,50,3
256,Pet 55 - name,2026-05-18,82,3
257,Pet 56 - name,2026-05-18,18,3
258,Pet 57 - name,2026-05-18,65,3
259,Pet 58 - name,2026-05-18,62,3
260,Pet 59 - name,2026-05-18,6,3
261,Pet 60 - name,2026-05-18,44,3
262,Pet 61 - name,2026-05-18,24,3
263,Pet 62 - name,2026-05-18,79,3
264,Pet 63 - name,2026-05-18,30,3
265,Pet 64 - name,2026-05-18,85,3
266,Pet 65 - name,2026-05-18,24,3
267,Pet 66 - name,2026-05-18,37,3
268,Pet 67 - name,2026-05-18,28,3
269,Pet 68 - name,2026-05-18,73,3
270,Pet 69 - name,2026-05-18,27,3
271,Pet 70 - name,2026-05-18,36,3
272,Pet 71 - name,2026-05-18,3,3
273,Pet 72 - name,2026-05-18,65,3
274,Pet 73 - name,2026-05-18,74,3
275,Pet 74 - name,2026-05-18,89,3
276,Pet 75 - name,2026-05-18,68,3
277,Pet 76 - name,2026-05-18,15,3
278,Pet 77 - name,2026-05-18,33,3
279,Pet 78 - name,2026-05-18,32,3
280,Pet 79 - name,2026-05-18,97,3
281,Pet 80 - name,2026-05-18,93,3
282,Pet 81 - name,2026-05-18,31,3
283,Pet 82 - name,2026-05-18,18,3
284,Pet 83 - name,2026-05-18,13,3
285,Pet 84 - name,2026-05-18,20,3
286,Pet 85 - name,2026-05-18,87,3
287,Pet 86 - name,2026-05-18,99,3
288,Pet 87 - name,2026-05-18,38,3
289,Pet 88 - name,2026-05-18,50,3
290,Pet 89 - name,2026-05-18,80,3
291,Pet 90 - name,2026-05-18,1,3
292,Pet 91 - name,2026-05-18,54,3
293,Pet 92 - name,2026-05-18,84,3
294,Pet 93 - name,2026-05-18,59,3
295,Pet 94 - name,2026-05-18,50,3
296,Pet 95 - name,2026-05-18,72,3
297,Pet 96 - name,2026-05-18,46,3
298,Pet 97 - name,2026-05-18,5,3
299,Pet 98 - name,2026-05-18,53,3
300,Pet 99 - name,2026-05-18,39,3
