1,Specialty 0
2,Specialty 1
3,Specialty 2
4,Specialty 3
5,Specialty 4
6,Specialty 5
7,Specialty 6
8,Specialty 7
9,Specialty 8
10,Specialty 9
11,Specialty 10
12,Specialty 11
13,Specialty 12
14,Specialty 13
15,Specialty 14
16,Specialty 15
17,Specialty 16
18,Specialty 17
19,Specialty 18
20,Specialty 19
21,Specialty 20
22,Specialty 21
23,Specialty 22
24,Specialty 23
25,Specialty 24
26,Specialty 25
27,Specialty 26
28,Specialty 27
29,Specialty 28
30,Specialty 29
31,Specialty 30
32,Specialty 31
33,Specialty 32
34,Specialty 33
35,Specialty 34
36,Specialty 35
37,Specialty 36
38,Specialty 37
39,Specialty 38
40,Specialty 39
41,Specialty 40
42,Specialty 41
43,Specialty 42
44,Specialty 43
45,Specialty 44
46,Specialty 45
47,Specialty 46
48,Specialty 47
49,Specialty 48
50,Specialty 49
51,Specialty 50
52,Specialty 51
53,Specialty 52
54,Specialty 53
55,Specialty 54
56,Specialty 55
57,Specialty 56
58,Specialty 57
59,Specialty 58
60,Specialty 59
61,Specialty 60
62,Specialty 61
63,Specialty 62
64,Specialty 63
65,Specialty 64
66,Specialty 65
67,Specialty 66
68,Specialty 67
69,Specialty 68
70,Specialty 69
71,Specialty 70
72,Specialty 71
73,Specialty 72
74,Specialty 73
75,Specialty 74
76,Specialty 75
77,Specialty 76
78,Specialty 77
79,Specialty 78
80,Specialty 79
81,Specialty 80
82,Specialty 81
83,Specialty 82
84,Specialty 83
85,Specialty 84
86,Specialty 85
87,Specialty 86
88,Specialty 87
89,Specialty 88
90,Specialty 89
91,Specialty 90
92,Specialty 91
93,Specialty 92
94,Specialty 93
95,Specialty 94
96,Specialty 95
97,Specialty 96
98,Specialty 97
99,Specialty 98
100,Specialty 99
