1,Vet 0 - first name,Vet 0 - last name
2,Vet 1 - first name,Vet 1 - last name
3,Vet 2 - first name,Vet 2 - last name
4,Vet 3 - first name,Vet 3 - last name
5,Vet 4 - first name,Vet 4 - last name
6,Vet 5 - first name,Vet 5 - last name
7,Vet 6 - first name,Vet 6 - last name
8,Vet 7 - first name,Vet 7 - last name
9,Vet 8 - first name,Vet 8 - last name
10,Vet 9 - first name,Vet 9 - last name
11,Vet 10 - first name,Vet 10 - last name
12,Vet 11 - first name,Vet 11 - last name
13,Vet 12 - first name,Vet 12 - last name
14,Vet 13 - first name,Vet 13 - last name
15,Vet 14 - first name,Vet 14 - last name
16,Vet 15 - first name,Vet 15 - last name
17,Vet 16 - first name,Vet 16 - last name
18,Vet 17 - first name,Vet 17 - last name
19,Vet 18 - first name,Vet 18 - last name
20,Vet 19 - first name,Vet 19 - last name
21,Vet 20 - first name,Vet 20 - last name
22,Vet 21 - first name,Vet 21 - last name
23,Vet 22 - first name,Vet 22 - last name
24,Vet 23 - first name,Vet 23 - last name
25,Vet 24 - first name,Vet 24 - last name
26,Vet 25 - first name,Vet 25 - last name
27,Vet 26 - first name,Vet 26 - last name
28,Vet 27 - first name,Vet 27 - last name
29,Vet 28 - first name,Vet 28 - last name
30,Vet 29 - first name,Vet 29 - last name
31,Vet 30 - first name,Vet 30 - last name
32,Vet 31 - first name,Vet 31 - last name
33,Vet 32 - first name,Vet 32 - last name
34,Vet 33 - first name,Vet 33 - last name
35,Vet 34 - first name,Vet 34 - last name
36,Vet 35 - first name,Vet 35 - last name
37,Vet 36 - first name,Vet 36 - last name
38,Vet 37 - first name,Vet 37 - last name
39,Vet 38 - first name,Vet 38 - last name
40,Vet 39 - first name,Vet 39 - last name
41,Vet 40 - first name,Vet 40 - last name
42,Vet 41 - first name,Vet 41 - last name
43,Vet 42 - first name,Vet 42 - last name
44,Vet 43 - first name,Vet 43 - last name
45,Vet 44 - first name,Vet 44 - last name
46,Vet 45 - first name,Vet 45 - last name
47,Vet 46 - first name,Vet 46 - last name
48,Vet 47 - first name,Vet 47 - last name
49,Vet 48 - first name,Vet 48 - last name
50,Vet 49 - first name,Vet 49 - last name
51,Vet 50 - first name,Vet 50 - last name
52,Vet 51 - first name,Vet 51 - last name
53,Vet 52 - first name,Vet 52 - last name
54,Vet 53 - first name,Vet 53 - last name
55,Vet 54 - first name,Vet 54 - last name
56,Vet 55 - first name,Vet 55 - last name
57,Vet 56 - first name,Vet 56 - last name
58,Vet 57 - first name,Vet 57 - last name
59,Vet 58 - first name,Vet 58 - last name
60,Vet 59 - first name,Vet 59 - last name
61,Vet 60 - first name,Vet 60 - last name
62,Vet 61 - first name,Vet 61 - last name
63,Vet 62 - first name,Vet 62 - last name
64,Vet 63 - first name,Vet 63 - last name
65,Vet 64 - first name,Vet 64 - last name
66,Vet 65 - first name,Vet 65 - last name
67,Vet 66 - first name,Vet 66 - last name
68,Vet 67 - first name,Vet 67 - last name
69,Vet 68 - first name,Vet 68 - last name
70,Vet 69 - first name,Vet 69 - last name
71,Vet 70 - first name,Vet 70 - last name
72,Vet 71 - first name,Vet 71 - last name
73,Vet 72 - first name,Vet 72 - last name
74,Vet 73 - first name,Vet 73 - last name
75,Vet 74 - first name,Vet 74 - last name
76,Vet 75 - first name,Vet 75 - last name
77,Vet 76 - first name,Vet 76 - last name
78,Vet 77 - first name,Vet 77 - last name
79,Vet 78 - first name,Vet 78 - last name
80,Vet 79 - first name,Vet 79 - last name
81,Vet 80 - first name,Vet 80 - last name
82,Vet 81 - first name,Vet 81 - last name
83,Vet 82 - first name,Vet 82 - last name
84,Vet 83 - first name,Vet 83 - last name
85,Vet 84 - first name,Vet 84 - last name
86,Vet 85 - first name,Vet 85 - last name
87,Vet 86 - first name,Vet 86 - last name
88,Vet 87 - first name,Vet 87 - last name
89,Vet 88 - first name,Vet 88 - last name
90,Vet 89 - first name,Vet 89 - last name
91,Vet 90 - first name,Vet 90 - last name
92,Vet 91 - first name,Vet 91 - last name
93,Vet 92 - first name,Vet 92 - last name
94,Vet 93 - first name,Vet 93 - last name
95,Vet 94 - first name,Vet 94 - last name
96,Vet 95 - first name,Vet 95 - last name
97,Vet 96 - first name,Vet 96 - last name
98,Vet 97 - first name,Vet 97 - last name
99,Vet 98 - first name,Vet 98 - last name
100,Vet 99 - first name,Vet 99 - last name
101,Vet 100 - first name,Vet 100 - last name
102,Vet 101 - first name,Vet 101 - last name
103,Vet 102 - first name,Vet 102 - last name
104,Vet 103 - first name,Vet 103 - last name
105,Vet 104 - first name,Vet 104 - last name
106,Vet 105 - first name,Vet 105 - last name
107,Vet 106 - first name,Vet 106 - last name
108,Vet 107 - first name,Vet 107 - last name
109,Vet 108 - first name,Vet 108 - last name
110,Vet 109 - first name,Vet 109 - last name
111,Vet 110 - first name,Vet 110 - last name
112,Vet 111 - first name,Vet 111 - last name
113,Vet 112 - first name,Vet 112 - last name
114,Vet 113 - first name,Vet 113 - last name
115,Vet 114 - first name,Vet 114 - last name
116,Vet 115 - first name,Vet 115 - last name
117,Vet 116 - first name,Vet 116 - last name
118,Vet 117 - first name,Vet 117 - last name
119,Vet 118 - first name,Vet 118 - last name
120,Vet 119 - first name,Vet 119 - last name
121,Vet 120 - first name,Vet 120 - last name
122,Vet 121 - first name,Vet 121 - last name
123,Vet 122 - first name,Vet 122 - last name
124,Vet 123 - first name,Vet 123 - last name
125,Vet 124 - first name,Vet 124 - last name
126,Vet 125 - first name,Vet 125 - last name
127,Vet 126 - first name,Vet 126 - last name
128,Vet 127 - first name,Vet 127 - last name
129,Vet 128 - first name,Vet 128 - last name
130,Vet 129 - first name,Vet 129 - last name
131,Vet 130 - first name,Vet 130 - last name
132,Vet 131 - first name,Vet 131 - last name
133,Vet 132 - first name,Vet 132 - last name
134,Vet 133 - first name,Vet 133 - last name
135,Vet 134 - first name,Vet 134 - last name
136,Vet 135 - first name,Vet 135 - last name
137,Vet 136 - first name,Vet 136 - last name
138,Vet 137 - first name,Vet 137 - last name
139,Vet 138 - first name,Vet 138 - last name
140,Vet 139 - first name,Vet 139 - last name
141,Vet 140 - first name,Vet 140 - last name
142,Vet 141 - first name,Vet 141 - last name
143,Vet 142 - first name,Vet 142 - last name
144,Vet 143 - first name,Vet 143 - last name
145,Vet 144 - first name,Vet 144 - last name
146,Vet 145 - first name,Vet 145 - last name
147,Vet 146 - first name,Vet 146 - last name
148,Vet 147 - first name,Vet 147 - last name
149,Vet 148 - first name,Vet 148 - last name
150,Vet 149 - first name,Vet 149 - last name
151,Vet 150 - first name,Vet 150 - last name
152,Vet 151 - first name,Vet 151 - last name
153,Vet 152 - first name,Vet 152 - last name
154,Vet 153 - first name,Vet 153 - last name
155,Vet 154 - first name,Vet 154 - last name
156,Vet 155 - first name,Vet 155 - last name
157,Vet 156 - first name,Vet 156 - last name
158,Vet 157 - first name,Vet 157 - last name
159,Vet 158 - first name,Vet 158 - last name
160,Vet 159 - first name,Vet 159 - last name
161,Vet 160 - first name,Vet 160 - last name
162,Vet 161 - first name,Vet 161 - last name
163,Vet 162 - first name,Vet 162 - last name
164,Vet 163 - first name,Vet 163 - last name
165,Vet 164 - first name,Vet 164 - last name
166,Vet 165 - first name,Vet 165 - last name
167,Vet 166 - first name,Vet 166 - last name
168,Vet 167 - first name,Vet 167 - last name
169,Vet 168 - first name,Vet 168 - last name
170,Vet 169 - first name,Vet 169 - last name
171,Vet 170 - first name,Vet 170 - last name
172,Vet 171 - first name,Vet 171 - last name
173,Vet 172 - first name,Vet 172 - last name
174,Vet 173 - first name,Vet 173 - last name
175,Vet 174 - first name,Vet 174 - last name
176,Vet 175 - first name,Vet 175 - last name
177,Vet 176 - first name,Vet 176 - last name
178,Vet 177 - first name,Vet 177 - last name
179,Vet 178 - first name,Vet 178 - last name
180,Vet 179 - first name,Vet 179 - last name
181,Vet 180 - first name,Vet 180 - last name
182,Vet 181 - first name,Vet 181 - last name
183,Vet 182 - first name,Vet 182 - last name
184,Vet 183 - first name,Vet 183 - last name
185,Vet 184 - first name,Vet 184 - last name
186,Vet 185 - first name,Vet 185 - last name
187,Vet 186 - first name,Vet 186 - last name
188,Vet 187 - first name,Vet 187 - last name
189,Vet 188 - first name,Vet 188 - last name
190,Vet 189 - first name,Vet 189 - last name
191,Vet 190 - first name,Vet 190 - last name
192,Vet 191 - first name,Vet 191 - last name
193,Vet 192 - first name,Vet 192 - last name
194,Vet 193 - first name,Vet 193 - last name
195,Vet 194 - first name,Vet 194 - last name
196,Vet 195 - first name,Vet 195 - last name
197,Vet 196 - first name,Vet 196 - last name
198,Vet 197 - first name,Vet 197 - last name
199,Vet 198 - first name,Vet 198 - last name
200,Vet 199 - first name,Vet 199 - last name
201,Vet 200 - first name,Vet 200 - last name
202,Vet 201 - first name,Vet 201 - last name
203,Vet 202 - first name,Vet 202 - last name
204,Vet 203 - first name,Vet 203 - last name
205,Vet 204 - first name,Vet 204 - last name
206,Vet 205 - first name,Vet 205 - last name
207,Vet 206 - first name,Vet 206 - last name
208,Vet 207 - first name,Vet 207 - last name
209,Vet 208 - first name,Vet 208 - last name
210,Vet 209 - first name,Vet 209 - last name
211,Vet 210 - first name,Vet 210 - last name
212,Vet 211 - first name,Vet 211 - last name
213,Vet 212 - first name,Vet 212 - last name
214,Vet 213 - first name,Vet 213 - last name
215,Vet 214 - first name,Vet 214 - last name
216,Vet 215 - first name,Vet 215 - last name
217,Vet 216 - first name,Vet 216 - last name
218,Vet 217 - first name,Vet 217 - last name
219,Vet 218 - first name,Vet 218 - last name
220,Vet 219 - first name,Vet 219 - last name
221,Vet 220 - first name,Vet 220 - last name
222,Vet 221 - first name,Vet 221 - last name
223,Vet 222 - first name,Vet 222 - last name
224,Vet 223 - first name,Vet 223 - last name
225,Vet 224 - first name,Vet 224 - last name
226,Vet 225 - first name,Vet 225 - last name
227,Vet 226 - first name,Vet 226 - last name
228,Vet 227 - first name,Vet 227 - last name
229,Vet 228 - first name,Vet 228 - last name
230,Vet 229 - first name,Vet 229 - last name
231,Vet 230 - first name,Vet 230 - last name
232,Vet 231 - first name,Vet 231 - last name
233,Vet 232 - first name,Vet 232 - last name
234,Vet 233 - first name,Vet 233 - last name
235,Vet 234 - first name,Vet 234 - last name
236,Vet 235 - first name,Vet 235 - last name
237,Vet 236 - first name,Vet 236 - last name
238,Vet 237 - first name,Vet 237 - last name
239,Vet 238 - first name,Vet 238 - last name
240,Vet 239 - first name,Vet 239 - last name
241,Vet 240 - first name,Vet 240 - last name
242,Vet 241 - first name,Vet 241 - last name
243,Vet 242 - first name,Vet 242 - last name
244,Vet 243 - first name,Vet 243 - last name
245,Vet 244 - first name,Vet 244 - last name
246,Vet 245 - first name,Vet 245 - last name
247,Vet 246 - first name,Vet 246 - last name
248,Vet 247 - first name,Vet 247 - last name
249,Vet 248 - first name,Vet 248 - last name
250,Vet 249 - first name,Vet 249 - last name
251,Vet 250 - first name,Vet 250 - last name
252,Vet 251 - first name,Vet 251 - last name
253,Vet 252 - first name,Vet 252 - last name
254,Vet 253 - first name,Vet 253 - last name
255,Vet 254 - first name,Vet 254 - last name
256,Vet 255 - first name,Vet 255 - last name
257,Vet 256 - first name,Vet 256 - last name
258,Vet 257 - first name,Vet 257 - last name
259,Vet 258 - first name,Vet 258 - last name
260,Vet 259 - first name,Vet 259 - last name
261,Vet 260 - first name,Vet 260 - last name
262,Vet 261 - first name,Vet 261 - last name
263,Vet 262 - first name,Vet 262 - last name
264,Vet 263 - first name,Vet 263 - last name
265,Vet 264 - first name,Vet 264 - last name
266,Vet 265 - first name,Vet 265 - last name
267,Vet 266 - first name,Vet 266 - last name
268,Vet 267 - first name,Vet 267 - last name
269,Vet 268 - first name,Vet 268 - last name
270,Vet 269 - first name,Vet 269 - last name
271,Vet 270 - first name,Vet 270 - last name
272,Vet 271 - first name,Vet 271 - last name
273,Vet 272 - first name,Vet 272 - last name
274,Vet 273 - first name,Vet 273 - last name
275,Vet 274 - first name,Vet 274 - last name
276,Vet 275 - first name,Vet 275 - last name
277,Vet 276 - first name,Vet 276 - last name
278,Vet 277 - first name,Vet 277 - last name
279,Vet 278 - first name,Vet 278 - last name
280,Vet 279 - first name,Vet 279 - last name
281,Vet 280 - first name,Vet 280 - last name
282,Vet 281 - first name,Vet 281 - last name
283,Vet 282 - first name,Vet 282 - last name
284,Vet 283 - first name,Vet 283 - last name
285,Vet 284 - first name,Vet 284 - last name
286,Vet 285 - first name,Vet 285 - last name
287,Vet 286 - first name,Vet 286 - last name
288,Vet 287 - first name,Vet 287 - last name
289,Vet 288 - first name,Vet 288 - last name
290,Vet 289 - first name,Vet 289 - last name
291,Vet 290 - first name,Vet 290 - last name
292,Vet 291 - first name,Vet 291 - last name
293,Vet 292 - first name,Vet 292 - last name
294,Vet 293 - first name,Vet 293 - last name
295,Vet 294 - first name,Vet 294 - last name
296,Vet 295 - first name,Vet 295 - last name
297,Vet 296 - first name,Vet 296 - last name
298,Vet 297 - first name,Vet 297 - last name
299,Vet 298 - first name,Vet 298 - last name
300,Vet 299 - first name,Vet 299 - last name
301,Vet 300 - first name,Vet 300 - last name
302,Vet 301 - first name,Vet 301 - last name
303,Vet 302 - first name,Vet 302 - last name
304,Vet 303 - first name,Vet 303 - last name
305,Vet 304 - first name,Vet 304 - last name
306,Vet 305 - first name,Vet 305 - last name
307,Vet 306 - first name,Vet 306 - last name
308,Vet 307 - first name,Vet 307 - last name
309,Vet 308 - first name,Vet 308 - last name
310,Vet 309 - first name,Vet 309 - last name
311,Vet 310 - first name,Vet 310 - last name
312,Vet 311 - first name,Vet 311 - last name
313,Vet 312 - first name,Vet 312 - last name
314,Vet 313 - first name,Vet 313 - last name
315,Vet 314 - first name,Vet 314 - last name
316,Vet 315 - first name,Vet 315 - last name
317,Vet 316 - first name,Vet 316 - last name
318,Vet 317 - first name,Vet 317 - last name
319,Vet 318 - first name,Vet 318 - last name
320,Vet 319 - first name,Vet 319 - last name
321,Vet 320 - first name,Vet 320 - last name
322,Vet 321 - first name,Vet 321 - last name
323,Vet 322 - first name,Vet 322 - last name
324,Vet 323 - first name,Vet 323 - last name
325,Vet 324 - first name,Vet 324 - last name
326,Vet 325 - first name,Vet 325 - last name
327,Vet 326 - first name,Vet 326 - last name
328,Vet 327 - first name,Vet 327 - last name
329,Vet 328 - first name,Vet 328 - last name
330,Vet 329 - first name,Vet 329 - last name
331,Vet 330 - first name,Vet 330 - last name
332,Vet 331 - first name,Vet 331 - last name
333,Vet 332 - first name,Vet 332 - last name
334,Vet 333 - first name,Vet 333 - last name
335,Vet 334 - first name,Vet 334 - last name
336,Vet 335 - first name,Vet 335 - last name
337,Vet 336 - first name,Vet 336 - last name
338,Vet 337 - first name,Vet 337 - last name
339,Vet 338 - first name,Vet 338 - last name
340,Vet 339 - first name,Vet 339 - last name
341,Vet 340 - first name,Vet 340 - last name
342,Vet 341 - first name,Vet 341 - last name
343,Vet 342 - first name,Vet 342 - last name
344,Vet 343 - first name,Vet 343 - last name
345,Vet 344 - first name,Vet 344 - last name
346,Vet 345 - first name,Vet 345 - last name
347,Vet 346 - first name,Vet 346 - last name
348,Vet 347 - first name,Vet 347 - last name
349,Vet 348 - first name,Vet 348 - last name
350,Vet 349 - first name,Vet 349 - last name
351,Vet 350 - first name,Vet 350 - last name
352,Vet 351 - first name,Vet 351 - last name
353,Vet 352 - first name,Vet 352 - last name
354,Vet 353 - first name,Vet 353 - last name
355,Vet 354 - first name,Vet 354 - last name
356,Vet 355 - first name,Vet 355 - last name
357,Vet 356 - first name,Vet 356 - last name
358,Vet 357 - first name,Vet 357 - last name
359,Vet 358 - first name,Vet 358 - last name
360,Vet 359 - first name,Vet 359 - last name
361,Vet 360 - first name,Vet 360 - last name
362,Vet 361 - first name,Vet 361 - last name
363,Vet 362 - first name,Vet 362 - last name
364,Vet 363 - first name,Vet 363 - last name
365,Vet 364 - first name,Vet 364 - last name
366,Vet 365 - first name,Vet 365 - last name
367,Vet 366 - first name,Vet 366 - last name
368,Vet 367 - first name,Vet 367 - last name
369,Vet 368 - first name,Vet 368 - last name
370,Vet 369 - first name,Vet 369 - last name
371,Vet 370 - first name,Vet 370 - last name
372,Vet 371 - first name,Vet 371 - last name
373,Vet 372 - first name,Vet 372 - last name
374,Vet 373 - first name,Vet 373 - last name
375,Vet 374 - first name,Vet 374 - last name
376,Vet 375 - first name,Vet 375 - last name
377,Vet 376 - first name,Vet 376 - last name
378,Vet 377 - first name,Vet 377 - last name
379,Vet 378 - first name,Vet 378 - last name
380,Vet 379 - first name,Vet 379 - last name
381,Vet 380 - first name,Vet 380 - last name
382,Vet 381 - first name,Vet 381 - last name
383,Vet 382 - first name,Vet 382 - last name
384,Vet 383 - first name,Vet 383 - last name
385,Vet 384 - first name,Vet 384 - last name
386,Vet 385 - first name,Vet 385 - last name
387,Vet 386 - first name,Vet 386 - last name
388,Vet 387 - first name,Vet 387 - last name
389,Vet 388 - first name,Vet 388 - last name
390,Vet 389 - first name,Vet 389 - last name
391,Vet 390 - first name,Vet 390 - last name
392,Vet 391 - first name,Vet 391 - last name
393,Vet 392 - first name,Vet 392 - last name
394,Vet 393 - first name,Vet 393 - last name
395,Vet 394 - first name,Vet 394 - last name
396,Vet 395 - first name,Vet 395 - last name
397,Vet 396 - first name,Vet 396 - last name
398,Vet 397 - first name,Vet 397 - last name
399,Vet 398 - first name,Vet 398 - last name
400,Vet 399 - first name,Vet 399 - last name
401,Vet 400 - first name,Vet 400 - last name
402,Vet 401 - first name,Vet 401 - last name
403,Vet 402 - first name,Vet 402 - last name
404,Vet 403 - first name,Vet 403 - last name
405,Vet 404 - first name,Vet 404 - last name
406,Vet 405 - first name,Vet 405 - last name
407,Vet 406 - first name,Vet 406 - last name
408,Vet 407 - first name,Vet 407 - last name
409,Vet 408 - first name,Vet 408 - last name
410,Vet 409 - first name,Vet 409 - last name
411,Vet 410 - first name,Vet 410 - last name
412,Vet 411 - first name,Vet 411 - last name
413,Vet 412 - first name,Vet 412 - last name
414,Vet 413 - first name,Vet 413 - last name
415,Vet 414 - first name,Vet 414 - last name
416,Vet 415 - first name,Vet 415 - last name
417,Vet 416 - first name,Vet 416 - last name
418,Vet 417 - first name,Vet 417 - last name
419,Vet 418 - first name,Vet 418 - last name
420,Vet 419 - first name,Vet 419 - last name
421,Vet 420 - first name,Vet 420 - last name
422,Vet 421 - first name,Vet 421 - last name
423,Vet 422 - first name,Vet 422 - last name
424,Vet 423 - first name,Vet 423 - last name
425,Vet 424 - first name,Vet 424 - last name
426,Vet 425 - first name,Vet 425 - last name
427,Vet 426 - first name,Vet 426 - last name
428,Vet 427 - first name,Vet 427 - last name
429,Vet 428 - first name,Vet 428 - last name
430,Vet 429 - first name,Vet 429 - last name
431,Vet 430 - first name,Vet 430 - last name
432,Vet 431 - first name,Vet 431 - last name
433,Vet 432 - first name,Vet 432 - last name
434,Vet 433 - first name,Vet 433 - last name
435,Vet 434 - first name,Vet 434 - last name
436,Vet 435 - first name,Vet 435 - last name
437,Vet 436 - first name,Vet 436 - last name
438,Vet 437 - first name,Vet 437 - last name
439,Vet 438 - first name,Vet 438 - last name
440,Vet 439 - first name,Vet 439 - last name
441,Vet 440 - first name,Vet 440 - last name
442,Vet 441 - first name,Vet 441 - last name
443,Vet 442 - first name,Vet 442 - last name
444,Vet 443 - first name,Vet 443 - last name
445,Vet 444 - first name,Vet 444 - last name
446,Vet 445 - first name,Vet 445 - last name
447,Vet 446 - first name,Vet 446 - last name
448,Vet 447 - first name,Vet 447 - last name
449,Vet 448 - first name,Vet 448 - last name
450,Vet 449 - first name,Vet 449 - last name
451,Vet 450 - first name,Vet 450 - last name
452,Vet 451 - first name,Vet 451 - last name
453,Vet 452 - first name,Vet 452 - last name
454,Vet 453 - first name,Vet 453 - last name
455,Vet 454 - first name,Vet 454 - last name
456,Vet 455 - first name,Vet 455 - last name
457,Vet 456 - first name,Vet 456 - last name
458,Vet 457 - first name,Vet 457 - last name
459,Vet 458 - first name,Vet 458 - last name
460,Vet 459 - first name,Vet 459 - last name
461,Vet 460 - first name,Vet 460 - last name
462,Vet 461 - first name,Vet 461 - last name
463,Vet 462 - first name,Vet 462 - last name
464,Vet 463 - first name,Vet 463 - last name
465,Vet 464 - first name,Vet 464 - last name
466,Vet 465 - first name,Vet 465 - last name
467,Vet 466 - first name,Vet 466 - last name
468,Vet 467 - first name,Vet 467 - last name
469,Vet 468 - first name,Vet 468 - last name
470,Vet 469 - first name,Vet 469 - last name
471,Vet 470 - first name,Vet 470 - last name
472,Vet 471 - first name,Vet 471 - last name
473,Vet 472 - first name,Vet 472 - last name
474,Vet 473 - first name,Vet 473 - last name
475,Vet 474 - first name,Vet 474 - last name
476,Vet 475 - first name,Vet 475 - last name
477,Vet 476 - first name,Vet 476 - last name
478,Vet 477 - first name,Vet 477 - last name
479,Vet 478 - first name,Vet 478 - last name
480,Vet 479 - first name,Vet 479 - last name
481,Vet 480 - first name,Vet 480 - last name
482,Vet 481 - first name,Vet 481 - last name
483,Vet 482 - first name,Vet 482 - last name
484,Vet 483 - first name,Vet 483 - last name
485,Vet 484 - first name,Vet 484 - last name
486,Vet 485 - first name,Vet 485 - last name
487,Vet 486 - first name,Vet 486 - last name
488,Vet 487 - first name,Vet 487 - last name
489,Vet 488 - first name,Vet 488 - last name
490,Vet 489 - first name,Vet 489 - last name
491,Vet 490 - first name,Vet 490 - last name
492,Vet 491 - first name,Vet 491 - last name
493,Vet 492 - first name,Vet 492 - last name
494,Vet 493 - first name,Vet 493 - last name
495,Vet 494 - first name,Vet 494 - last name
496,Vet 495 - first name,Vet 495 - last name
497,Vet 496 - first name,Vet 496 - last name
498,Vet 497 - first name,Vet 497 - last name
499,Vet 498 - first name,Vet 498 - last name
500,Vet 499 - first name,Vet 499 - last name
501,Vet 500 - first name,Vet 500 - last name
502,Vet 501 - first name,Vet 501 - last name
503,Vet 502 - first name,Vet 502 - last name
504,Vet 503 - first name,Vet 503 - last name
505,Vet 504 - first name,Vet 504 - last name
506,Vet 505 - first name,Vet 505 - last name
507,Vet 506 - first name,Vet 506 - last name
508,Vet 507 - first name,Vet 507 - last name
509,Vet 508 - first name,Vet 508 - last name
510,Vet 509 - first name,Vet 509 - last name
511,Vet 510 - first name,Vet 510 - last name
512,Vet 511 - first name,Vet 511 - last name
513,Vet 512 - first name,Vet 512 - last name
514,Vet 513 - first name,Vet 513 - last name
515,Vet 514 - first name,Vet 514 - last name
516,Vet 515 - first name,Vet 515 - last name
517,Vet 516 - first name,Vet 516 - last name
518,Vet 517 - first name,Vet 517 - last name
519,Vet 518 - first name,Vet 518 - last name
520,Vet 519 - first name,Vet 519 - last name
521,Vet 520 - first name,Vet 520 - last name
522,Vet 521 - first name,Vet 521 - last name
523,Vet 522 - first name,Vet 522 - last name
524,Vet 523 - first name,Vet 523 - last name
525,Vet 524 - first name,Vet 524 - last name
526,Vet 525 - first name,Vet 525 - last name
527,Vet 526 - first name,Vet 526 - last name
528,Vet 527 - first name,Vet 527 - last name
529,Vet 528 - first name,Vet 528 - last name
530,Vet 529 - first name,Vet 529 - last name
531,Vet 530 - first name,Vet 530 - last name
532,Vet 531 - first name,Vet 531 - last name
533,Vet 532 - first name,Vet 532 - last name
534,Vet 533 - first name,Vet 533 - last name
535,Vet 534 - first name,Vet 534 - last name
536,Vet 535 - first name,Vet 535 - last name
537,Vet 536 - first name,Vet 536 - last name
538,Vet 537 - first name,Vet 537 - last name
539,Vet 538 - first name,Vet 538 - last name
540,Vet 539 - first name,Vet 539 - last name
541,Vet 540 - first name,Vet 540 - last name
542,Vet 541 - first name,Vet 541 - last name
543,Vet 542 - first name,Vet 542 - last name
544,Vet 543 - first name,Vet 543 - last name
545,Vet 544 - first name,Vet 544 - last name
546,Vet 545 - first name,Vet 545 - last name
547,Vet 546 - first name,Vet 546 - last name
548,Vet 547 - first name,Vet 547 - last name
549,Vet 548 - first name,Vet 548 - last name
550,Vet 549 - first name,Vet 549 - last name
551,Vet 550 - first name,Vet 550 - last name
552,Vet 551 - first name,Vet 551 - last name
553,Vet 552 - first name,Vet 552 - last name
554,Vet 553 - first name,Vet 553 - last name
555,Vet 554 - first name,Vet 554 - last name
556,Vet 555 - first name,Vet 555 - last name
557,Vet 556 - first name,Vet 556 - last name
558,Vet 557 - first name,Vet 557 - last name
559,Vet 558 - first name,Vet 558 - last name
560,Vet 559 - first name,Vet 559 - last name
561,Vet 560 - first name,Vet 560 - last name
562,Vet 561 - first name,Vet 561 - last name
563,Vet 562 - first name,Vet 562 - last name
564,Vet 563 - first name,Vet 563 - last name
565,Vet 564 - first name,Vet 564 - last name
566,Vet 565 - first name,Vet 565 - last name
567,Vet 566 - first name,Vet 566 - last name
568,Vet 567 - first name,Vet 567 - last name
569,Vet 568 - first name,Vet 568 - last name
570,Vet 569 - first name,Vet 569 - last name
571,Vet 570 - first name,Vet 570 - last name
572,Vet 571 - first name,Vet 571 - last name
573,Vet 572 - first name,Vet 572 - last name
574,Vet 573 - first name,Vet 573 - last name
575,Vet 574 - first name,Vet 574 - last name
576,Vet 575 - first name,Vet 575 - last name
577,Vet 576 - first name,Vet 576 - last name
578,Vet 577 - first name,Vet 577 - last name
579,Vet 578 - first name,Vet 578 - last name
580,Vet 579 - first name,Vet 579 - last name
581,Vet 580 - first name,Vet 580 - last name
582,Vet 581 - first name,Vet 581 - last name
583,Vet 582 - first name,Vet 582 - last name
584,Vet 583 - first name,Vet 583 - last name
585,Vet 584 - first name,Vet 584 - last name
586,Vet 585 - first name,Vet 585 - last name
587,Vet 586 - first name,Vet 586 - last name
588,Vet 587 - first name,Vet 587 - last name
589,Vet 588 - first name,Vet 588 - last name
590,Vet 589 - first name,Vet 589 - last name
591,Vet 590 - first name,Vet 590 - last name
592,Vet 591 - first name,Vet 591 - last name
593,Vet 592 - first name,Vet 592 - last name
594,Vet 593 - first name,Vet 593 - last name
595,Vet 594 - first name,Vet 594 - last name
596,Vet 595 - first name,Vet 595 - last name
597,Vet 596 - first name,Vet 596 - last name
598,Vet 597 - first name,Vet 597 - last name
599,Vet 598 - first name,Vet 598 - last name
600,Vet 599 - first name,Vet 599 - last name
601,Vet 600 - first name,Vet 600 - last name
602,Vet 601 - first name,Vet 601 - last name
603,Vet 602 - first name,Vet 602 - last name
604,Vet 603 - first name,Vet 603 - last name
605,Vet 604 - first name,Vet 604 - last name
606,Vet 605 - first name,Vet 605 - last name
607,Vet 606 - first name,Vet 606 - last name
608,Vet 607 - first name,Vet 607 - last name
609,Vet 608 - first name,Vet 608 - last name
610,Vet 609 - first name,Vet 609 - last name
611,Vet 610 - first name,Vet 610 - last name
612,Vet 611 - first name,Vet 611 - last name
613,Vet 612 - first name,Vet 612 - last name
614,Vet 613 - first name,Vet 613 - last name
615,Vet 614 - first name,Vet 614 - last name
616,Vet 615 - first name,Vet 615 - last name
617,Vet 616 - first name,Vet 616 - last name
618,Vet 617 - first name,Vet 617 - last name
619,Vet 618 - first name,Vet 618 - last name
620,Vet 619 - first name,Vet 619 - last name
621,Vet 620 - first name,Vet 620 - last name
622,Vet 621 - first name,Vet 621 - last name
623,Vet 622 - first name,Vet 622 - last name
624,Vet 623 - first name,Vet 623 - last name
625,Vet 624 - first name,Vet 624 - last name
626,Vet 625 - first name,Vet 625 - last name
627,Vet 626 - first name,Vet 626 - last name
628,Vet 627 - first name,Vet 627 - last name
629,Vet 628 - first name,Vet 628 - last name
630,Vet 629 - first name,Vet 629 - last name
631,Vet 630 - first name,Vet 630 - last name
632,Vet 631 - first name,Vet 631 - last name
633,Vet 632 - first name,Vet 632 - last name
634,Vet 633 - first name,Vet 633 - last name
635,Vet 634 - first name,Vet 634 - last name
636,Vet 635 - first name,Vet 635 - last name
637,Vet 636 - first name,Vet 636 - last name
638,Vet 637 - first name,Vet 637 - last name
639,Vet 638 - first name,Vet 638 - last name
640,Vet 639 - first name,Vet 639 - last name
641,Vet 640 - first name,Vet 640 - last name
642,Vet 641 - first name,Vet 641 - last name
643,Vet 642 - first name,Vet 642 - last name
644,Vet 643 - first name,Vet 643 - last name
645,Vet 644 - first name,Vet 644 - last name
646,Vet 645 - first name,Vet 645 - last name
647,Vet 646 - first name,Vet 646 - last name
648,Vet 647 - first name,Vet 647 - last name
649,Vet 648 - first name,Vet 648 - last name
650,Vet 649 - first name,Vet 649 - last name
651,Vet 650 - first name,Vet 650 - last name
652,Vet 651 - first name,Vet 651 - last name
653,Vet 652 - first name,Vet 652 - last name
654,Vet 653 - first name,Vet 653 - last name
655,Vet 654 - first name,Vet 654 - last name
656,Vet 655 - first name,Vet 655 - last name
657,Vet 656 - first name,Vet 656 - last name
658,Vet 657 - first name,Vet 657 - last name
659,Vet 658 - first name,Vet 658 - last name
660,Vet 659 - first name,Vet 659 - last name
661,Vet 660 - first name,Vet 660 - last name
662,Vet 661 - first name,Vet 661 - last name
663,Vet 662 - first name,Vet 662 - last name
664,Vet 663 - first name,Vet 663 - last name
665,Vet 664 - first name,Vet 664 - last name
666,Vet 665 - first name,Vet 665 - last name
667,Vet 666 - first name,Vet 666 - last name
668,Vet 667 - first name,Vet 667 - last name
669,Vet 668 - first name,Vet 668 - last name
670,Vet 669 - first name,Vet 669 - last name
671,Vet 670 - first name,Vet 670 - last name
672,Vet 671 - first name,Vet 671 - last name
673,Vet 672 - first name,Vet 672 - last name
674,Vet 673 - first name,Vet 673 - last name
675,Vet 674 - first name,Vet 674 - last name
676,Vet 675 - first name,Vet 675 - last name
677,Vet 676 - first name,Vet 676 - last name
678,Vet 677 - first name,Vet 677 - last name
679,Vet 678 - first name,Vet 678 - last name
680,Vet 679 - first name,Vet 679 - last name
681,Vet 680 - first name,Vet 680 - last name
682,Vet 681 - first name,Vet 681 - last name
683,Vet 682 - first name,Vet 682 - last name
684,Vet 683 - first name,Vet 683 - last name
685,Vet 684 - first name,Vet 684 - last name
686,Vet 685 - first name,Vet 685 - last name
687,Vet 686 - first name,Vet 686 - last name
688,Vet 687 - first name,Vet 687 - last name
689,Vet 688 - first name,Vet 688 - last name
690,Vet 689 - first name,Vet 689 - last name
691,Vet 690 - first name,Vet 690 - last name
692,Vet 691 - first name,Vet 691 - last name
693,Vet 692 - first name,Vet 692 - last name
694,Vet 693 - first name,Vet 693 - last name
695,Vet 694 - first name,Vet 694 - last name
696,Vet 695 - first name,Vet 695 - last name
697,Vet 696 - first name,Vet 696 - last name
698,Vet 697 - first name,Vet 697 - last name
699,Vet 698 - first name,Vet 698 - last name
700,Vet 699 - first name,Vet 699 - last name
701,Vet 700 - first name,Vet 700 - last name
702,Vet 701 - first name,Vet 701 - last name
703,Vet 702 - first name,Vet 702 - last name
704,Vet 703 - first name,Vet 703 - last name
705,Vet 704 - first name,Vet 704 - last name
706,Vet 705 - first name,Vet 705 - last name
707,Vet 706 - first name,Vet 706 - last name
708,Vet 707 - first name,Vet 707 - last name
709,Vet 708 - first name,Vet 708 - last name
710,Vet 709 - first name,Vet 709 - last name
711,Vet 710 - first name,Vet 710 - last name
712,Vet 711 - first name,Vet 711 - last name
713,Vet 712 - first name,Vet 712 - last name
714,Vet 713 - first name,Vet 713 - last name
715,Vet 714 - first name,Vet 714 - last name
716,Vet 715 - first name,Vet 715 - last name
717,Vet 716 - first name,Vet 716 - last name
718,Vet 717 - first name,Vet 717 - last name
719,Vet 718 - first name,Vet 718 - last name
720,Vet 719 - first name,Vet 719 - last name
721,Vet 720 - first name,Vet 720 - last name
722,Vet 721 - first name,Vet 721 - last name
723,Vet 722 - first name,Vet 722 - last name
724,Vet 723 - first name,Vet 723 - last name
725,Vet 724 - first name,Vet 724 - last name
726,Vet 725 - first name,Vet 725 - last name
727,Vet 726 - first name,Vet 726 - last name
728,Vet 727 - first name,Vet 727 - last name
729,Vet 728 - first name,Vet 728 - last name
730,Vet 729 - first name,Vet 729 - last name
731,Vet 730 - first name,Vet 730 - last name
732,Vet 731 - first name,Vet 731 - last name
733,Vet 732 - first name,Vet 732 - last name
734,Vet 733 - first name,Vet 733 - last name
735,Vet 734 - first name,Vet 734 - last name
736,Vet 735 - first name,Vet 735 - last name
737,Vet 736 - first name,Vet 736 - last name
738,Vet 737 - first name,Vet 737 - last name
739,Vet 738 - first name,Vet 738 - last name
740,Vet 739 - first name,Vet 739 - last name
741,Vet 740 - first name,Vet 740 - last name
742,Vet 741 - first name,Vet 741 - last name
743,Vet 742 - first name,Vet 742 - last name
744,Vet 743 - first name,Vet 743 - last name
745,Vet 744 - first name,Vet 744 - last name
746,Vet 745 - first name,Vet 745 - last name
747,Vet 746 - first name,Vet 746 - last name
748,Vet 747 - first name,Vet 747 - last name
749,Vet 748 - first name,Vet 748 - last name
750,Vet 749 - first name,Vet 749 - last name
751,Vet 750 - first name,Vet 750 - last name
752,Vet 751 - first name,Vet 751 - last name
753,Vet 752 - first name,Vet 752 - last name
754,Vet 753 - first name,Vet 753 - last name
755,Vet 754 - first name,Vet 754 - last name
756,Vet 755 - first name,Vet 755 - last name
757,Vet 756 - first name,Vet 756 - last name
758,Vet 757 - first name,Vet 757 - last name
759,Vet 758 - first name,Vet 758 - last name
760,Vet 759 - first name,Vet 759 - last name
761,Vet 760 - first name,Vet 760 - last name
762,Vet 761 - first name,Vet 761 - last name
763,Vet 762 - first name,Vet 762 - last name
764,Vet 763 - first name,Vet 763 - last name
765,Vet 764 - first name,Vet 764 - last name
766,Vet 765 - first name,Vet 765 - last name
767,Vet 766 - first name,Vet 766 - last name
768,Vet 767 - first name,Vet 767 - last name
769,Vet 768 - first name,Vet 768 - last name
770,Vet 769 - first name,Vet 769 - last name
771,Vet 770 - first name,Vet 770 - last name
772,Vet 771 - first name,Vet 771 - last name
773,Vet 772 - first name,Vet 772 - last name
774,Vet 773 - first name,Vet 773 - last name
775,Vet 774 - first name,Vet 774 - last name
776,Vet 775 - first name,Vet 775 - last name
777,Vet 776 - first name,Vet 776 - last name
778,Vet 777 - first name,Vet 777 - last name
779,Vet 778 - first name,Vet 778 - last name
780,Vet 779 - first name,Vet 779 - last name
781,Vet 780 - first name,Vet 780 - last name
782,Vet 781 - first name,Vet 781 - last name
783,Vet 782 - first name,Vet 782 - last name
784,Vet 783 - first name,Vet 783 - last name
785,Vet 784 - first name,Vet 784 - last name
786,Vet 785 - first name,Vet 785 - last name
787,Vet 786 - first name,Vet 786 - last name
788,Vet 787 - first name,Vet 787 - last name
789,Vet 788 - first name,Vet 788 - last name
790,Vet 789 - first name,Vet 789 - last name
791,Vet 790 - first name,Vet 790 - last name
792,Vet 791 - first name,Vet 791 - last name
793,Vet 792 - first name,Vet 792 - last name
794,Vet 793 - first name,Vet 793 - last name
795,Vet 794 - first name,Vet 794 - last name
796,Vet 795 - first name,Vet 795 - last name
797,Vet 796 - first name,Vet 796 - last name
798,Vet 797 - first name,Vet 797 - last name
799,Vet 798 - first name,Vet 798 - last name
800,Vet 799 - first name,Vet 799 - last name
801,Vet 800 - first name,Vet 800 - last name
802,Vet 801 - first name,Vet 801 - last name
803,Vet 802 - first name,Vet 802 - last name
804,Vet 803 - first name,Vet 803 - last name
805,Vet 804 - first name,Vet 804 - last name
806,Vet 805 - first name,Vet 805 - last name
807,Vet 806 - first name,Vet 806 - last name
808,Vet 807 - first name,Vet 807 - last name
809,Vet 808 - first name,Vet 808 - last name
810,Vet 809 - first name,Vet 809 - last name
811,Vet 810 - first name,Vet 810 - last name
812,Vet 811 - first name,Vet 811 - last name
813,Vet 812 - first name,Vet 812 - last name
814,Vet 813 - first name,Vet 813 - last name
815,Vet 814 - first name,Vet 814 - last name
816,Vet 815 - first name,Vet 815 - last name
817,Vet 816 - first name,Vet 816 - last name
818,Vet 817 - first name,Vet 817 - last name
819,Vet 818 - first name,Vet 818 - last name
820,Vet 819 - first name,Vet 819 - last name
821,Vet 820 - first name,Vet 820 - last name
822,Vet 821 - first name,Vet 821 - last name
823,Vet 822 - first name,Vet 822 - last name
824,Vet 823 - first name,Vet 823 - last name
825,Vet 824 - first name,Vet 824 - last name
826,Vet 825 - first name,Vet 825 - last name
827,Vet 826 - first name,Vet 826 - last name
828,Vet 827 - first name,Vet 827 - last name
829,Vet 828 - first name,Vet 828 - last name
830,Vet 829 - first name,Vet 829 - last name
831,Vet 830 - first name,Vet 830 - last name
832,Vet 831 - first name,Vet 831 - last name
833,Vet 832 - first name,Vet 832 - last name
834,Vet 833 - first name,Vet 833 - last name
835,Vet 834 - first name,Vet 834 - last name
836,Vet 835 - first name,Vet 835 - last name
837,Vet 836 - first name,Vet 836 - last name
838,Vet 837 - first name,Vet 837 - last name
839,Vet 838 - first name,Vet 838 - last name
840,Vet 839 - first name,Vet 839 - last name
841,Vet 840 - first name,Vet 840 - last name
842,Vet 841 - first name,Vet 841 - last name
843,Vet 842 - first name,Vet 842 - last name
844,Vet 843 - first name,Vet 843 - last name
845,Vet 844 - first name,Vet 844 - last name
846,Vet 845 - first name,Vet 845 - last name
847,Vet 846 - first name,Vet 846 - last name
848,Vet 847 - first name,Vet 847 - last name
849,Vet 848 - first name,Vet 848 - last name
850,Vet 849 - first name,Vet 849 - last name
851,Vet 850 - first name,Vet 850 - last name
852,Vet 851 - first name,Vet 851 - last name
853,Vet 852 - first name,Vet 852 - last name
854,Vet 853 - first name,Vet 853 - last name
855,Vet 854 - first name,Vet 854 - last name
856,Vet 855 - first name,Vet 855 - last name
857,Vet 856 - first name,Vet 856 - last name
858,Vet 857 - first name,Vet 857 - last name
859,Vet 858 - first name,Vet 858 - last name
860,Vet 859 - first name,Vet 859 - last name
861,Vet 860 - first name,Vet 860 - last name
862,Vet 861 - first name,Vet 861 - last name
863,Vet 862 - first name,Vet 862 - last name
864,Vet 863 - first name,Vet 863 - last name
865,Vet 864 - first name,Vet 864 - last name
866,Vet 865 - first name,Vet 865 - last name
867,Vet 866 - first name,Vet 866 - last name
868,Vet 867 - first name,Vet 867 - last name
869,Vet 868 - first name,Vet 868 - last name
870,Vet 869 - first name,Vet 869 - last name
871,Vet 870 - first name,Vet 870 - last name
872,Vet 871 - first name,Vet 871 - last name
873,Vet 872 - first name,Vet 872 - last name
874,Vet 873 - first name,Vet 873 - last name
875,Vet 874 - first name,Vet 874 - last name
876,Vet 875 - first name,Vet 875 - last name
877,Vet 876 - first name,Vet 876 - last name
878,Vet 877 - first name,Vet 877 - last name
879,Vet 878 - first name,Vet 878 - last name
880,Vet 879 - first name,Vet 879 - last name
881,Vet 880 - first name,Vet 880 - last name
882,Vet 881 - first name,Vet 881 - last name
883,Vet 882 - first name,Vet 882 - last name
884,Vet 883 - first name,Vet 883 - last name
885,Vet 884 - first name,Vet 884 - last name
886,Vet 885 - first name,Vet 885 - last name
887,Vet 886 - first name,Vet 886 - last name
888,Vet 887 - first name,Vet 887 - last name
889,Vet 888 - first name,Vet 888 - last name
890,Vet 889 - first name,Vet 889 - last name
891,Vet 890 - first name,Vet 890 - last name
892,Vet 891 - first name,Vet 891 - last name
893,Vet 892 - first name,Vet 892 - last name
894,Vet 893 - first name,Vet 893 - last name
895,Vet 894 - first name,Vet 894 - last name
896,Vet 895 - first name,Vet 895 - last name
897,Vet 896 - first name,Vet 896 - last name
898,Vet 897 - first name,Vet 897 - last name
899,Vet 898 - first name,Vet 898 - last name
900,Vet 899 - first name,Vet 899 - last name
901,Vet 900 - first name,Vet 900 - last name
902,Vet 901 - first name,Vet 901 - last name
903,Vet 902 - first name,Vet 902 - last name
904,Vet 903 - first name,Vet 903 - last name
905,Vet 904 - first name,Vet 904 - last name
906,Vet 905 - first name,Vet 905 - last name
907,Vet 906 - first name,Vet 906 - last name
908,Vet 907 - first name,Vet 907 - last name
909,Vet 908 - first name,Vet 908 - last name
910,Vet 909 - first name,Vet 909 - last name
911,Vet 910 - first name,Vet 910 - last name
912,Vet 911 - first name,Vet 911 - last name
913,Vet 912 - first name,Vet 912 - last name
914,Vet 913 - first name,Vet 913 - last name
915,Vet 914 - first name,Vet 914 - last name
916,Vet 915 - first name,Vet 915 - last name
917,Vet 916 - first name,Vet 916 - last name
918,Vet 917 - first name,Vet 917 - last name
919,Vet 918 - first name,Vet 918 - last name
920,Vet 919 - first name,Vet 919 - last name
921,Vet 920 - first name,Vet 920 - last name
922,Vet 921 - first name,Vet 921 - last name
923,Vet 922 - first name,Vet 922 - last name
924,Vet 923 - first name,Vet 923 - last name
925,Vet 924 - first name,Vet 924 - last name
926,Vet 925 - first name,Vet 925 - last name
927,Vet 926 - first name,Vet 926 - last name
928,Vet 927 - first name,Vet 927 - last name
929,Vet 928 - first name,Vet 928 - last name
930,Vet 929 - first name,Vet 929 - last name
931,Vet 930 - first name,Vet 930 - last name
932,Vet 931 - first name,Vet 931 - last name
933,Vet 932 - first name,Vet 932 - last name
934,Vet 933 - first name,Vet 933 - last name
935,Vet 934 - first name,Vet 934 - last name
936,Vet 935 - first name,Vet 935 - last name
937,Vet 936 - first name,Vet 936 - last name
938,Vet 937 - first name,Vet 937 - last name
939,Vet 938 - first name,Vet 938 - last name
940,Vet 939 - first name,Vet 939 - last name
941,Vet 940 - first name,Vet 940 - last name
942,Vet 941 - first name,Vet 941 - last name
943,Vet 942 - first name,Vet 942 - last name
944,Vet 943 - first name,Vet 943 - last name
945,Vet 944 - first name,Vet 944 - last name
946,Vet 945 - first name,Vet 945 - last name
947,Vet 946 - first name,Vet 946 - last name
948,Vet 947 - first name,Vet 947 - last name
949,Vet 948 - first name,Vet 948 - last name
950,Vet 949 - first name,Vet 949 - last name
951,Vet 950 - first name,Vet 950 - last name
952,Vet 951 - first name,Vet 951 - last name
953,Vet 952 - first name,Vet 952 - last name
954,Vet 953 - first name,Vet 953 - last name
955,Vet 954 - first name,Vet 954 - last name
956,Vet 955 - first name,Vet 955 - last name
957,Vet 956 - first name,Vet 956 - last name
958,Vet 957 - first name,Vet 957 - last name
959,Vet 958 - first name,Vet 958 - last name
960,Vet 959 - first name,Vet 959 - last name
961,Vet 960 - first name,Vet 960 - last name
962,Vet 961 - first name,Vet 961 - last name
963,Vet 962 - first name,Vet 962 - last name
964,Vet 963 - first name,Vet 963 - last name
965,Vet 964 - first name,Vet 964 - last name
966,Vet 965 - first name,Vet 965 - last name
967,Vet 966 - first name,Vet 966 - last name
968,Vet 967 - first name,Vet 967 - last name
969,Vet 968 - first name,Vet 968 - last name
970,Vet 969 - first name,Vet 969 - last name
971,Vet 970 - first name,Vet 970 - last name
972,Vet 971 - first name,Vet 971 - last name
973,Vet 972 - first name,Vet 972 - last name
974,Vet 973 - first name,Vet 973 - last name
975,Vet 974 - first name,Vet 974 - last name
976,Vet 975 - first name,Vet 975 - last name
977,Vet 976 - first name,Vet 976 - last name
978,Vet 977 - first name,Vet 977 - last name
979,Vet 978 - first name,Vet 978 - last name
980,Vet 979 - first name,Vet 979 - last name
981,Vet 980 - first name,Vet 980 - last name
982,Vet 981 - first name,Vet 981 - last name
983,Vet 982 - first name,Vet 982 - last name
984,Vet 983 - first name,Vet 983 - last name
985,Vet 984 - first name,Vet 984 - last name
986,Vet 985 - first name,Vet 985 - last name
987,Vet 986 - first name,Vet 986 - last name
988,Vet 987 - first name,Vet 987 - last name
989,Vet 988 - first name,Vet 988 - last name
990,Vet 989 - first name,Vet 989 - last name
991,Vet 990 - first name,Vet 990 - last name
992,Vet 991 - first name,Vet 991 - last name
993,Vet 992 - first name,Vet 992 - last name
994,Vet 993 - first name,Vet 993 - last name
995,Vet 994 - first name,Vet 994 - last name
996,Vet 995 - first name,Vet 995 - last name
997,Vet 996 - first name,Vet 996 - last name
998,Vet 997 - first name,Vet 997 - last name
999,Vet 998 - first name,Vet 998 - last name
1000,Vet 999 - first name,Vet 999 - last name
