600001,4001,2026-06-08,Visit 30 - description 1
600002,4001,2026-06-08,Visit 30 - description 2
600003,4001,2026-06-08,Visit 30 - description 3
600004,4001,2026-06-08,Visit 30 - description 4
600005,4001,2026-06-08,Visit 30 - description 5
600006,4001,2026-06-08,Visit 30 - description 6
600007,4001,2026-06-08,Visit 30 - description 7
600008,4001,2026-06-08,Visit 30 - description 8
600009,4001,2026-06-08,Visit 30 - description 9
600010,4001,2026-06-08,Visit 30 - description 10
600011,4002,2026-06-08,Visit 40 - description 1
600012,4002,2026-06-08,Visit 40 - description 2
600013,4002,2026-06-08,Visit 40 - description 3
600014,4002,2026-06-08,Visit 40 - description 4
600015,4002,2026-06-08,Visit 40 - description 5
600016,4002,2026-06-08,Visit 40 - description 6
600017,4002,2026-06-08,Visit 40 - description 7
600018,4002,2026-06-08,Visit 40 - description 8
600019,4002,2026-06-08,Visit 40 - description 9
600020,4002,2026-06-08,Visit 40 - description 10
600021,4003,2026-06-07,Visit 50 - description 1
600022,4003,2026-06-07,Visit 50 - description 2
600023,4003,2026-06-07,Visit 50 - description 3
600024,4003,2026-06-07,Visit 50 - description 4
600025,4003,2026-06-07,Visit 50 - description 5
600026,4003,2026-06-07,Visit 50 - description 6
600027,4003,2026-06-07,Visit 50 - description 7
600028,4003,2026-06-07,Visit 50 - description 8
600029,4003,2026-06-07,Visit 50 - description 9
600030,4003,2026-06-07,Visit 50 - description 10
600031,4004,2026-06-07,Visit 60 - description 1
600032,4004,2026-06-07,Visit 60 - description 2
600033,4004,2026-06-07,Visit 60 - description 3
600034,4004,2026-06-07,Visit 60 - description 4
600035,4004,2026-06-07,Visit 60 - description 5
600036,4004,2026-06-07,Visit 60 - description 6
600037,4004,2026-06-07,Visit 60 - description 7
600038,4004,2026-06-07,Visit 60 - description 8
600039,4004,2026-06-07,Visit 60 - description 9
600040,4004,2026-06-07,Visit 60 - description 10
600041,4005,2026-06-06,Visit 70 - description 1
600042,4005,2026-06-06,Visit 70 - description 2
600043,4005,2026-06-06,Visit 70 - description 3
600044,4005,2026-06-06,Visit 70 - description 4
600045,4005,2026-06-06,Visit 70 - description 5
600046,4005,2026-06-06,Visit 70 - description 6
600047,4005,2026-06-06,Visit 70 - description 7
600048,4005,2026-06-06,Visit 70 - description 8
600049,4005,2026-06-06,Visit 70 - description 9
600050,4005,2026-06-06,Visit 70 - description 10
600051,4006,2026-06-06,Visit 80 - description 1
600052,4006,2026-06-06,Visit 80 - description 2
600053,4006,2026-06-06,Visit 80 - description 3
600054,4006,2026-06-06,Visit 80 - description 4
600055,4006,2026-06-06,Visit 80 - description 5
600056,4006,2026-06-06,Visit 80 - description 6
600057,4006,2026-06-06,Visit 80 - description 7
600058,4006,2026-06-06,Visit 80 - description 8
600059,4006,2026-06-06,Visit 80 - description 9
600060,4006,2026-06-06,Visit 80 - description 10
